NY0001	spros brol don gsal chen po'i rgyud
NY0002	rtse rgyal nam mkha' 'bar ba'i rgyud
NY0003	nyi zla bkod pa nam mkha'i mtha' dang mnyam pa'i rgyud
NY0004	nam mkha' 'brug sgrogs thog babs klong 'dus spyi rgyal rgya mdud kyi rgyud
NY0005	lta ba la shan chen po rin chen sgron ma rtsa ba'i rgyud
NY0006	rtsa rlung thig le'i rgyud
NY0007	rtsa rlung gi rtsa ba
NY0008	srog gi 'khor lo'i rgyud
NY0009	lta ba thal gyi rgyud
NY0010	snang byed spu gri'i rgyud
NY0011	'bras bu ye grol chen po'i rgyud
NY0012	yang ti nag po'i rgyud
NY0013	rgyud kyi rtse rgyal nyi zla 'od 'bar mkha' klong rnam dag rgya mthso klong gsal kyi rgyud
NY0014	rdo rje sems dpa' yi ge brgya pa dbang mchog rgyal po'i rgyud
NY0015	yi ge brgya pa'i dbang mchog rgyal po'i rgyud
NY0016	rdo rje sems dpa' yi ge brgya pa'i thugs phrin las thams cad dam tshig gi rgyud
NY0017	rdzogs pa chen po nges don 'dus pa'i rgyud
NY0018	rdzogs pa chen po rin po che 'khor ba rtsad gcod
NY0019	rdzogs pa chen po 'khor ba rtsad nas gcod pa chos sku skye med rig pa'i rgyud
NY0020	rdzogs pa chen po lta ba'i yang snying sangs rgyas thams cad kyi dgongs pa nam mkha' klong yangs kyi rgyud
NY0021	rdzogs pa chen po sangs rgyas thams cad kyi dgongs pa chos sku gcig tu 'dus par bka' bgros pa'i don rin po che yon tan kun 'byung gi rgyud
NY0022	rdzogs pa chen po don 'dus rang byung bde ba'i 'khor lo'i rgyud
NY0023	kun tu bzang po ye shes klong gi rgyud
NY0024	rdzogs pa chen po nges don thams cad 'dus pa ye shes nam mkha' dang mnyam pa'i rgyud
NY0025	rdzogs pa chen po don 'dus rig pa'i gsung rang byung bde ba'i 'khor lo'i rgyud
NY0026	rdzogs pa chen po ye shes gting nas rdzogs pa'i rgyud
NY0027	rdzogs pa chen po lta ba thams cad kyi snying po'i rgyud
NY0028	rdzogs pa chen po kun tu bzang po ye shes gsal bar ston pa'i rgyud
NY0029	rdzogs pa chen po kun tu bzang po ye shes gsal bar ston pa'i rgyud phyi ma
NY0030	rdzogs pa chen po ye shes gsal bar ston pa'i rgyud phyi ma'i phyi ma
NY0031	ye shes 'khor lo'i rgyud
NY0032	rdzogs pa chen po ye shes 'khor lo gsang ba thugs kyi rgyud
NY0033	'jam dpal 'dus pa'i rgyud
NY0034	'phags pa spyan ras gzigs ting nge 'dzin rtse gcig gi rgyud
NY0035	snang srid kha sbyor bdud rtsi bcud thigs 'khor ba thog mtha' gcod pa'i rgyud
NY0036	rin po che bcud kyi yang snying spros gcod rtsa ba'i rgyud
NY0037	spros pa gcod pa sde lnga'i rgyud
NY0038	rin po che bdud rtsi bcud thigs kyi rgyud
NY0039	rin po che snang gsal spu gri 'br bas 'khrul snang rtsad nas gcod pa nam mkha' dang mnyam pa'i rgyud
NY0040	rin po che spyi gnad skyon sel thig le kun 'dus kyi rgyud
NY0041	gter snying rin po che spungs pa'i rgyud
NY0042	thig le ye shes bcud spungs sgron ma 'od 'bar ba'r rgyud
NY0043	bdud rtsi bcud thigs sgron ma brtsegs pa'i rgyud
NY0044	snying po bcud spungs nam mkha' klong yangs kyi rgyud
NY0045	ma rig mun sel nyi zla 'bar ba'i rgyud
NY0046	sangs rgyas kun gyi dgongs pa'i bcud bsdus ri bo brtsegs pa'i rgyud
NY0047	dri med ka dag gi rgyud
NY0048	nyi zla'i snying po 'od 'bar ba bdud rtsi'i rgya mtsho'i 'khyil pa'i rgyud
NY0049	skye med ka dag zang ka'i rgyud
NY0050	rdzogs pa rang byung chen po'i rgyud
NY0051	yi ge med pa'i rgyud chen po
NY0052	rig pa rang shar chen po'i rgyud
NY0053	rig pa rang grol che po'i rgyud
NY0054	rin chen spungs pa'i rgyud kyi rgyal po
NY0055	dpal nam mkha' med p'ai rgyud rin po che sku gdung 'bar ba'i rgyud
NY0056	rin po che 'byung bar byed pa sgra thal 'gyur chen po'i rgyud
NY0057	bkra shis mdzes ldan dpal nam mkha' med pa'i rgyud
NY0058	gsang ba'i rgyud chen po
NY0059	kun tu bzang po thugs kyi me long gi rgyud
NY0060	ngo sprod rin po che sprad pa'i rgyud
NY0061	mu tig rin po che phreng ba'i rgyud
NY0062	kun tu bzang po klong drug pa'i rgyud
NY0063	gser gyi me tog mdzes pa rin po che sgron ma 'bar ba'i rgyud
NY0064	nyi zla kha sbyor gsang ba chen po'i rgyud
NY0065	seng ge rtsal rdzogs chen po'i rgyud
NY0066	nor bu phra bkod chen po'i rgyud gsang ba
NY0067	rgyud kyi khog snying sdeb pa
NY0068	thig le kun gsal chen po'i rgyud
NY0069	ye shes mar me'i rgyud
NY0070	sangs rgyas rdo rje sems dpa'i dgongs pa tshig sgum pa zhes bya b'i rgyud
NY0071	thig le kun 'dus chen po
NY0072	sku'i rgyud pad ma 'khyil ba
NY0074	rdo rje rtse mo 'dus pa'i rgyud
NY0075	ye shes bla ma chen po'i rgyud
NY0076	byang chub kyi sems rgyal mtshan rtse mo'i rgyud
NY0077	rdzogs pa chen po thig le gsang ba'i nges rgyud
NY0078	'khor ba gdong sbrug chen po'i rgyud
NY0079	rin po che srid pa bar ma do snang ba'i rgyud
NY0080	lha ma yin gyul ngo bzlog pa'i rgyud
NY0081	thal ba nag po'i rgyud
NY0082	lha rgyud rin chen spungs pa
NY0083	'phags pa 'jam dpal gyi bshad rgyud rin po che'i phreng ba
NY0084	'jam dpal dgongs pa 'dus pa gsang snags chen po'i rgyud
NY0085	dur khrod phung po 'bar ba'i man ngag gi rgyud
NY0086	rdo rje yang rtse'i rgyud
NY0087	rdo rje yang tog snying po'i rgyud
NY0088	snying po rdo rje rin po che thams cad gcig pa'i rgyud
NY0089	dam tshig bkod pa sa gzhi'i rgyud
NY0090	'byung po kun 'dul gyi rgyud
NY0091	dbang rin po che 'khor lo'i rgyud
NY0092	rdo rje gsang ba chen po'i sku rin po che dbyig gi sgron ma shes rab chen po'i mdo
NY0093	klong chen rab 'byams rgyal po'i rgyud
NY0094	kun tu bzang po nam mkha' che rtsa ba bsdus pa'i rgyud
NY0095	kun tu bzang po rig pa rang gi rtsal shar ba'i rgyud
NY0096	gdams ngag sna tshogs 'khor lo'i rgyud phyi ma
NY0097	rin po che 'phags lam bkod pa'i rgyud
NY0098	rdo rj sems dpa' nam mkha'i mtha' dang mnyam pa'i rgyud
NY0099	ye shes gsang ba sgron ma rin po che man ngag gi rgyud
NY0100	rin po 'khor lo'i rgyud
NY0101	ye shes gsang ba zhes bya ba'i rgyud
NY0102	bayng chub kyi sems ye shes rdzogs pa'i rgyud
NY0103	rdzogs pa chen po chos nyid byang chub kyi sems kun la 'jug pa rnam dag ston pa'i rgyud
NY0104	byang chub kyi sems rdo rje 'od 'phro ba'i rgyud
NY0105	byang chub kyi sems kun byed rgyal po
NY0106	chos thams cad rdzogs pa chen po byang chub kyi sems su 'dus pa'i mdo
NY0107	nam mkha' dang mnyam pa'i yi ge med pa'i rgyud
NY0108	chos thams cad rgya mtsho'i mtha' dang mnyam pa rnyog pa med pa'i rgyud
NY0109	chos thams cad rig pa nyi zla'i mtha' dang mnyam pa dri ma med pa'i rgyud
NY0110	spyod pa nyi zla dang mnyam pa'i rgyud kyi dka' 'grel rin po che snang ba'i 'od zer
NY0111	chos thams cad rin po che dang mnyam pa skye ba med pa'i rgyud
NY0112	byang chub sems rtsal chen gyi rgyud
NY0113	byang chub sems khyung chen gyi rgyud
NY0114	rdo rje sems dpa' nam mkha' che rgyas pa yi ge med pa'i rgyud
NY0115	rgyud kyi rgyal po gser gyi rus sbal rdo rje theg pa rtsa ba'i rgyud
NY0116	byang chub kyi sems rdzogs pa chen po ye shes bdun 'byung ba'i rgyud
NY0117	rdzogs pa chen po chos nyid byang chub kyi sems bkra shis mi 'gyur bar gsal bar gnas pa 'jug pa'i rgyud
NY0118	bang mdzod 'phrul gyi lde'u mig
NY0119	yang byed 'phrul gyi lde'u mig
NY0120	byang chub kyi sems rin chen 'khor lo zhes bya ba'i rgyud
NY0120B	'khor lo rdo rje ces bya ba'i rgyud
NY0121	chos chen po rmasd du byung ba'i rgyud
NY0121B	rin po che snang byed kyi rgyud
NY0122	rdzogs pa chen po chos nyid byang chub kyi smes rin chen bkod pa rnam par dbye ba'i rgyud
NY0123	byang chub kyi smes rmad du byung ba
NY0124	byang chub kyi smes rmad du byung ba'i rgyud
NY0125	bkra shis dpal rig pa'i khu byug
NY0126	rdzogs pa chen po lta ba ye shes gting zab kyi rgyud
NY0127	rdo rje sems dpa' nam mkha' ceh snying po rnal ma don gyi rgyud
NY0128	byang chub kyi smes sgom pa'i rgyud
NY0129	byang chub kyi sems sgom pa rdo la ser zhun
NY0130	thus kyi rgyud rin po che spungs pa'i rgyan
NY0131	gsang ba spyi rgyud
NY0132	rin po che rgyas pa chen po'i rgyud
NY0133	gsang sngags thams cad kyi lam mchog 'dus pa'i rgyud
NY0134	kun 'dus rig pa'i mdo
NY0135	sangs rgyas kun gyi dgonfs pa 'dus pa
NY0136	khu byug rol pa'i rgyud
NY0137	kun tu bzang po che ba rang la gnas pa'i rgyud
NY0138	dbang gi rgyal po dbang skur rgyal po'i rgyud
NY0139	zhi ba lha rgyud chen po
NY0140	chos nyid zhi ba'i lha rgyud
NY0141	khro bo lha rgyud chen mo
NY0142	khro bo lha rgyud kyi rtog pa chen po
NY0143	gtor rgyud chen po
NY0144	tshogs rgyud chen po
NY0145	dpal 'bar khro mo'i rgyud
NY0146	rak ta dmar gyi rgyud
NY0147	me lha zhi bar gyur ba 'bar ba'i rgyud
NY0148	bya ba'i rgyud chen po
NY0149	gsang ba'i snying po de kho na nyid nges pa
NY0150	gsang ba'i snying po de kho na nyid nges pa
NY0151	gsang ba'i snying po de kho na nyid bstan pa
NY0152	sgyu 'phrul rgya mtsho'i rgyud chen po
NY0153	lha mo sgyu 'phrul drwa ba chen mo zhes bya ba'i rgyud
NY0154	gsang ba'i snying po de kho na nyid nges pa'i bla ma chen po
NY0155	dpal gsang ba'i snying po de kho na nyid rnam par nges pa
NY0156	rdo rje sems dpa'i sgyu 'phrul drwa ba gsang ba thams cad kyi me long
NY0157	gsang ba'i snying po de kho na nyid nges pa
NY0158	sgyu 'phrul thal ba'i rgyud chen po
NY0159	khro bo stobs kyi rnal 'byor dbang phyug grub pa'i sgyu 'phrul dra ba'i rgyud
NY0160	ba spyod man ngag gi snying po
NY0161	dpal mchog dang po zhes bya ba theg pa chen po'i rtog pa'i rgyud
NY0162	sangs rgyas thams cad dang mnyam par sbyor ba mkha' 'gro sgyu ma bde ba'i mchog ces bya ba'i rtog pa
NY0163	sangs rgyas thams cad dang mnyam par sbyor ba'i mkha' 'gro sgyu ma bde ba'i mchog ces bya ba khri brgyad stong pa las rtog pa thams cad kyi rgyal po brgyad cu bdun pa
NY0164	zla gsang thig le
NY0165	gsang ba 'dus pa
NY0166	dpal mchog dang po'i sngags kyi dum bu
NY0167	rgyud kyi rgyal po chen po las kyi phreng ba
NY0168	de bzhin gshegs pa thams cad kyi dgongs pa bla na med pa
NY0169	dpal he ru ka snying rje'i rol pa'i mchog gsang ba zab mo'i rgyud
NY0170	rgyud kyi rgyal po chen po dpal rtsi rol pa
NY0171	phur pa bcu gnyis kyi rgyud ces bya ba theg pa chen po'i mdo
NY0172	glang po rab 'bog gi rgyud
NY0173	'phags pa thabs kyi zhags pa pad mo phreng
NY0174	bshags pa thams cad kyi rgyud dri ma med pa'i rgyal po
NY0175	rdo rje gzi ldan 'bar ba'i rgyud
NY0176	rgyud kyi rgyal po pad sdong brtsegs pa
NY0177	bla ma yi dam mkha' 'gro thams cad kyi sku rgyud shel gyi ri bo rnam par bkod pa
NY0178	bla ma yi dam mka' 'gro thams cad kyi gsung rgyud rin chen 'brug sgra
NY0179	bla ma yi dam mka' 'gro thams cad kyi thugs rgyud nam mkha'i klong yangs
NY0180	bla ma yi dam mkha' 'gro thams cad kyi yon tan kyi rgyud bstan pa'i srog shing
NY0181	bla ma yi dam mkha' 'gro thams cad kyi phrin las kyi rgyud spu gri reg gcod
NY0182	bla ma'i gsang rgyud bka'i bang mdzod
NY0183	yi dam gyi rgyud bka'i tha ram
NY0184	mkha' 'gro'i gsang rgyud bka'i lde mig
NY0185	gsang ba gcod pa sa bon gyi rgyud
NY0186	bde bar gshegs pa thams cad 'dus pa'i rgyud
NY0187	bcom ldan 'das bde bar gshegs pa thams cad 'dus pa phyi ma'i rgyud
NY0188	bde gshegs 'dus pa'i sngags rgyud
NY0189	bde bar gshegs pa thams cad 'dus pa'i rgyud rab tu 'byed pa'i lde mig
NY0190	bde bzhin gshegs pa zhi ba thams cad 'dus pa rtsa ba'i rgyud chen po
NY0191	dpal khrag 'thung 'dus pa rtsa ba'i rgyud
NY0192	gshin rje gshed rab tu 'dus pa rtsa ba'i rgyud
NY0193	bcom ldan 'das dbang chen 'dus pa rtsa ba'i rgyud
NY0194	bcom ldan 'das bde bar gshegs pa thams cad kyi phrin las 'dus pa phur pa rtsa ba'i rgyud
NY0195	m mo 'dus pa rtsa ba'i rgyud
NY0196	rig pa 'dzin pa 'dus pa rtsa ba'i rgyud
NY0197	'jig rten mchod bstod sgrub pa rtsa ba'i rgyud
NY0198	drag sngags rdo rje 'dus pa rtsa ba'i rgyud
NY0199	bde gshegs 'dus pa'i rgyud
NY0200	dpal gsang ba 'dus pa rgyud kyi rgyal po
NY0201	dpal zla gsang nag po'i rgyud
NY0202	dpal zla gsang nag po rtsa ba'i rgyud
NY0203	'jam dpal gshin rje'i gshed kyi gsang rgyud
NY0204	dpal zla gsang nag po'i rgyud
NY0205	dpal drag sngags zla gsang nag po bshan pa spu gri'i rgyud
NY0206	dpal drag sngags zla gsang nag po'i rgyud
NY0207	'phags pa 'jam dpal dri ma med pa'i gsang ba'i rgyud
NY0208	dpal gshin rje nag po me rlung skyi 'dang 'khrugs pa rgyud kyi rgyal po
NY0209	'phags pa 'jam dpal gshin rje gshed nag po chen po gsang ba'i rgyud
NY0210	'phags pa 'jam dpal gsang ba'i rgyud kyi rgyal po
NY0211	dpal tshe bdag nag po'i phrin las kyi dgongs pa thams cad rdzogs pa'i rgyud chen po
NY0212	'jam dpal gshin rje 'khrul 'khor nag po sdig pa snying 'dzings gsang ba'i rgyud
NY0213	drag po'i sngags rgod sdig pa snying 'dzings kyi rgyud
NY0214	drag sngags mtshon cha nag po'i rgyud
NY0215	dpal tshe bdag nag po'i rgyud
NY0216	'phags pa 'jam dpal las bzhi 'khor lo gsang ba'i rgyud
NY0217	'phags pa 'jam dpal gshin rje'i rgyal po sdig pa stobs chen gsang ba'i rgyud
NY0218	gshin rje nag po gsang ba de kho na nyid kyi rgyud kha thun
NY0219	gshin rje nag po kha thun gsang ba de kho na nyid phyi ma'i rgyud
NY0220	dpal tshe bdag nag po drag sngags mngon du phyung ba'i rgyud kyi rgyal po
NY0221	'jam dpal khro bo snying gzer gsang ba'i rgyud
NY0222	drag po phung byed kyi rgyud
NY0223	'jig rten gsum gyi shes pa bsgral ba'i rgyud
NY0224	de bzhin gshegs pa thams cad dgongs pa khro bo 'dus pa'i rgyud
NY0225	gshin rje nag po chu thig sngon ma'i rgyud
NY0226	gnod sbying dgong gsum pa'i rgyud
NY0227	gshin rje nag po ngan sngags phyir bzlog pa'i rgyud
NY0228	'phags pa 'jam dpal mched bzhi'i sngags rgyud
NY0229	'jam dpal gshin rje'i ma ru tse'i sngags rgyud bstan pa
NY0230	dpal tshe bdag nag po'i phrin las kyi dgongs pa thmas cad rdzogs pa'i rgyud chen po
NY0231	'jam dpal gzhin rje 'khrul 'khor nag po sdig pa snying 'dzings gsang ba'i rgyud
NY0232	drag po'i sngags rgod sdig pa snying 'dzings kyi rgyud
NY0233	drag sngags mtshon cha nag po'i rgyud
NY0234	dpal tshe bdag nag po'i rgyud
NY0235	'phags pa 'jam dpal las bzhi 'khor lo gsang ba'i rgyud
NY0236	'phags pa 'jam dpal gshin rje'i rgyal po sdig pa stobs chen gsang ba'i rgyud
NY0237	gshin rje nag po gsang ba de kho na nyid kyi rgyud
NY0238	gshin rje nag po kha thun gsang ba de kho na nyid phyi ma'i rgyud
NY0239	dpal tshe bdag nag po drag sngags mngon du phyung ba'i rgyud
NY0240	'jam dpal khro bo snying fzer gsang ba'i rgyud
NY0241	drag po phung byed kyi rgyud
NY0242	'jig rten gsum gyi shes pa bsgral ba'i rgyud
NY0243	bde bzhin gshegs pa thams cad dgongs pa khro bo 'dus pa'i rgyud
NY0244	gshin rje'i nag po chu thig sngon mo'i rgyud
NY0245	gnod sbyin gdong gsum pa'i rgyud
NY0246	gshin rje'i nag po ngan sngags phyir bzlog pa'i rgyud
NY0247	'phags pa 'jam dpal mched bzhi'i sngags rgyud
NY0248	'jam dpal gshin rje'i ma ru tse'i sngags rgyud
NY0249	rta mchog rol pa'i rgyud
NY0250	dbang rgyas rta mchog rol pa'i rgyud
NY0251	dpal pad ma dbang chen dregs pa srung bzlog yon tan gyi rgyud
NY0252	pad ma dbang chen dregs pa gzan 'bebs kyi rgyud
NY0253	dpal pad ma dbang chen dregs pa gnad 'bebs kyi rgyud
NY0254	dbang chen dregs pa dbang sdus kyi rgyud
NY0255	dbang chen 'dus pa'i rgyud
NY0256	dbang chen bsdus pa'i rgyud
NY0257	pad ma dbang chen bde gshegs 'dus pa'i rgyud
NY0258	dpal rta mgrin las rgyud
NY0259	dpal pad ma dbang chen dregs pa tshar gcod gyi rgyud
NY0260	pad ma dbang chen yang gsang khros pa'i rgyud
NY0261	dpal rta mgrin gsang ba phrin las kyi rgyud
NY0262	phyir bzlog pa stobs chen rta mgrin gyi rgyud
NY0263	klu 'dul ba zhes bya ba'i rgyud
NY0264	dpal he ru ka'i thugs kyi rgyud rgyal po
NY0265	dpal khrag thung gal po
NY0266	rdo rje rigs kyi sgrub lugs
NY0267	de bzhin rigs kyi sgrub thabs gsang ba me dpung thugs kyi rgyud
NY0268	thams cad bdud rtsi lnga'i rang bzhin dngos grub chen po nye ba'i snying po mchog
NY0269	thams cad bud rtsi lnga'i rang bzhin
NY0270	bdud rtsi rin po che ye shes gsang ba 'khor lo'i rgyud
NY0271	bdud rtsi chen po 'khor lo 'bar ba'i rgyud
NY0272	rin po che phreng ba'i rgyud
NY0273	bdud rtsi bde ba chen po'i rgyud
NY0274	thams cad bdud rtsi lnga'i rang bzhin 'khrungs shing skye bar byed pa'i 'bras bu rin po che 'od ltar 'bar ba'i rgyud
NY0275	bdud rtsi las rgya mtsho'i rgyud
NY0276	thams cad bdud rtsi lnga'i rang bzhin dngos grub chen po nye ba'i snying po mchog
NY0277	bdud rtsi chen po chos nyid gsang ba'i rgyud
NY0278	sangs rgyas thams cad kyi bdud rtsi ye shes 'od ldan gyi rgyud
NY0279	rdo rje khros pa phur pa rtsa ba'i rgyud
NY0280	dpal rdo rje gzhon nu thugs rje khros pa rtsa ba'i rgyud kyi bshad pa
NY0281	rdo rje phur by gsang ba'i rtsa ba rnal 'byor chen po yang dag pa'i rgyud
NY0282	bde bzhin gshegs pa chen po rdo rje phur pa'i rgyud
NY0283	phrin las phun sum tshogs pa'i rgyud
NY0284	phur pa phrin las kyi rgyud
NY0285	rdo rje phur pa chen po gtor ma'i rgyud
NY0286	phur bu yak Sha 'bar ba'i za byed dam tshig gi rgyud
NY0287	sku dhang ye shes thams cad 'dus pa'i sangs rgyas mdud pa
NY0288	rgyud kyi rgyal po khro hu ka ra'i rgyud
NY0289	khro mi g.yo mgon po'i rgyud
NY0290	khro bo rta mgrin gyi rgyud
NY0291	khro bo'i rgyal po gzhan gyi mi thub pa'i rgyud
NY0292	khro bo bdud rtsi 'khyil ba'i rgyud
NY0293	khro bo khams gsum rnam par rgyal ba'i rgyud
NY0294	khro bo stobs po che'i rgyud
NY0295	dpal rdo rje phur pa me long gsal ba'i spu gri reg gcod 'khor lo rtsibs kyi rgyud
NY0296	rgyud kyi rgyal po dpal 'jig rten snang byed
NY0297	rgyud kyi rgyal po rdo rje phreng ba
NY0298	phur pa rdo rje bkod pa rnal 'byor chen po'i rgyud
NY0299	'phags pa sangs rgyas thams cad kyi ye shes kyi rtse mo'i rgyud kyi rgyal po chen po
NY0300	rdo rje phur pa gsang a don gyi rgyud
NY0301	sbad pa gsang ba zab mo bdud rtsi'i rgyud
NY0302	rdo rje phur pa mdung rtse dmar po'i rgyud
NY0303	sha na dkar nag gyi rgyud
NY0304	bse sgrom dmar po'i rgyud
NY0305	rdo rje phur pa phrin las 'khor lo gab pa gsang ba'i rgyud
NY0306	rdo rje 'bar ba'i rgyud
NY0307	rdo rje phur pa gsang ba'i rgyud chen po
NY0308	phur pa gsang ba'i dgongs rgyud chen po
NY0309	rdo rje phur pa zhe sdang yongs su dag pa'i rgyud kyi rgyal po
NY0310	rdo rje phur pa gsang ba'i sngags rgyud 'byung po kun 'dul
NY0311	rdo rje phur pa gsang ba gdams ngag can gyi rgyud
NY0312	phur bu bcu gnyis 'byung ba'i rgyud chen po bstan pa
NY0313	rdo rjee phur pa bcu gnyis kyi rgyud
NY0314	yum gzungs ma'i dngos grub chen po'i rgyud
NY0315	srid pa rgyud lung gi rgyud phyi ma kha 'bar nag po las rgya mtsho'i rgyud
NY0316	ma mo lam rgyud lung
NY0317	sngags kyi srung ma dpal ae ka dza' ti'i rgyud
NY0318	ral gcig ma chos kyi dbyings bdg mi spu gri ya ma'i rgyud
NY0319	ae ka dza ti sbas pa nag mo'i rgyud
NY0320	mkha' 'gro me lce 'bar ba'i rgyud
NY0321	'phags ma he sdud 'bar ba'i rgyud
NY0322	las kyi mkha' 'gro ma de kho na nyid gsum du 'dus pa zhes bya ba'i rgyud
NY0323	srid pa rgya mtsho gzhi'i rgyud
NY0324	ma mo 'dus pa'i rgyud
NY0325	ma mo srid pa zla gsang thig le'i rgyud
NY0326	thugs kyi yang snying ma mo 'bum tig gi rgyud
NY0327	rgyud lung byang skor
NY0328	'phags pa rdo rje nag mo dbang phyug ma zhes bya ba'i sngags rgyud kyi rgyal po
NY0329	'phags pa lha mo nag mo'i sngags rgyud
NY0330	dpal lha mo nag mo'i thugs kyi srog sgrub gsang ba'i rgyud
NY0331	snying thig bkol ba'i rgyud
NY0332	srog tig dang snying tig gi rgyud
NY0333	snying tig bkol ba'i rgyud 'ug pa'i gdong pa can
NY0334	dbyings gsang ba'i 'khor lo'i rgyud
NY0335	phra men spyang ki las kyi rgyal mo'i rgyud
NY0336	rgyud kyi rgyal po rdo rje mka' 'gro'i rgyud
NY0337	'jig rten mchod bstod sgrub pa rtsa ba'i rgyud
NY0338	drag sngags sa la 'dus pa rdo rje rtsa ba'i rgyud
NY0339	dpal mgon po nag po gsang ba snying gi 'khor lo dngos grub chen po 'byung ba'i rgyud
NY0340	dpal nag po chen po me lce phreng ba zhes bya ba'i rgyud
NY0341	dpal nag po chen po'i rgyud dur khrod nag po
NY0342	man ngag brtsegs pa gri gug gi rgyud
NY0343	dpal mgon po nag po chen po sku gsung thugs khros pa'i rgyud
NY0344	dpal mgon po nag po dur khrod mngon par rol pa mtshon cha 'khor lo zhes bya ba'i rgyud
NY0345	dpal nag po chen po drag po'i brtag pa dur khrod chen po rgyud
NY0346	nag po chen po gzugs can gcer bu'i rgyud
NY0347	rnal 'byor dbang phyug chen me ral gcig ma'i rgyud
NY0348	srid pa'i bem
NY0349	nag po chen po las mgon bya rog dgong gi rgyud
NY0350	mdo snying gzer nag po'i rgyud chen po
NY0351	lha 'dre stong gi dra ba'i rgyud chen po
NY0352	de bzhin gshegs pa lnga'i bkra shis kyi tshigs su bcad pa
NY0353	rdzogs pa chen po rmad byung don gyi snying po
NY0354	rdzogs pa chen po kun tu bzang po ye shes gsal bar ston pa'i rgyud phyi ma'i phyi ma
NY0355	bstan pa thams cad kyi snying po sems can thams cad la sangs rgyas rang chas chen por bzhugs pa'i rgyud
NY0356	rgyal ba rdo rje sems dpa'i dgongs pa bstan pa thams cad kyi bu gcig pa zhes bya ba'i rgyud
NY0357	thig le gsang ba'i brda' rgyud
NY0358	sku gsum gyi snang ba gsal bar ngo sprod pa'i rgyud
NY0359	sku gsung thugs thugs rdo rje rtsa ba thams cad rdzogs pa'i rgyud
NY0360	chos thams cad kyi don ston pa rdzogs chen thig le nyag gcig ye nas bya rtsal bral ba
NY0361	rin po che gdams ngag sna tshogs 'khor lo'i rgyud
NY0362	rdo rje sems dpa' nam mkha' che kun tu bzang po gsang ba'i snying po'i rgyud
NY0363	la zlo gsang ba'i 'khor lo zhes bya ba'i rgyud
NY0364	rje btsun dam pa
NY0365	kun 'dus
NY0366	khams gsum sgron ma
NY0367	rdo rje sems dpa' nam mkha' che bram ze rgyas pa'i rgyud
NY0368	bde ba chen po byang chub kyi sems rmad du byung ba'i le'u
NY0369	chos thams cad sems nyid ye shes rgyal po zhes dngos grub rang byung dbang bskur ba'i rgyud
NY0370	rdzogs pa chen po chos nyid byang chub kyi sems thig le rgya mtsho gnas la 'jug pa'i rgyud
NY0371	man ngag thams cad kyi sdom
NY0372	rdo rje sems dpa' nam mkha' Ce rgyas pa Zes bya ba rnal 'byor pa'i rgyud
NY0373	byang chub sems dpa' rma bya mjing bsnol mtha'i mun sel
NY0374	lta ba thams cad kyi rgyal po kun tu bzang po che ba rang la gnas pa'i rgyud
NY0375	sku gdung 'bar ba tsha tsha dang mchod rten gyi rgyud
NY0376	kun tu bzang stong gsal thig le snying po gsang ba'i rgyud
NY0377	kun tu bzang mo klong gsal nyi ma'i rgyud
NY0378	rdzogs pa chen po'i chig chod kun grol zhes bya ba'i rgyud
NY0379	rgyud gsum nges par bshad pa
NY0380	rje btsan dam pa
NY0381	byang chub kyi sems mi 'gyur ba'i thig le tig
NY0382	byang chub sems nam mkha'i rgyal po
NY0383	klong gi dkyil 'khor chen po bde 'jam
NY0384	byang chub kyi sems kun 'dus
NY0385	rdzogs pa'i spyi spyod
NY0386	byang chub kyi sems khams gsum sgron ma
NY0387	rdo rje sems dpa' nam mkha' dang mnyam pa'i rgyud
NY0388	byang chub kyi sems sgom pa yi ge med pa'i rgyud
NY0389	rdzogs pa chen po ye shes gsang ba'i rgyud
NY0390	byang chub kyi sems rdzogs pa chen po ye shes gsang ba bshad pa'i rgyud gsal ba mtha' dang mnyam pa'i rgyud
NY0391	rdo rje smes dpa' nam mkha' che rtsa ba'i rgyud skye ba med pa
NY0392	rdo rje sems dpa' nam mkha' che'i rgyud
NY0393	byang chub kyi sems rdzogs pa chen po mkha' mnyam klong gi rgyud kyi rgyal po
NY0394	ye shes gsal ba chos kyi dbyings
NY0395	ye shes 'bar ba chos kyi dbyings
NY0396	byang chub kyi sems rgya mtsho klong dgu'i rgyud
NY0397	byang chub kyi sems kun 'dus 'od kyi rgyud
NY0398	ye shes rin chen 'od kyi rgyud
NY0399	byang chub sems nya mo 'khor lo'i rgyud
NY0400	yi ge 'bru bshad las kyi 'khor lo
NY0401	rig pa nam mkha' ltar gsal ba'i rgyud
NY0402	thams cad nam mkha'i ngo bo skye ba med pa'i byang chub kyi sems bsgom pa'i rgyud
NY0403	byang chub kyi sems bsgom pa'i rgyud
NY0404	de bzhin gshegs pa thams cad rang bzhin byang chub kyi sems bsgom pa'i rgyud
NY0405	yi ge med pa rgyas pa
NY0406	byang chub kyi sems bsgom pa
NY0407	rdzogs pa chen po lta ba dmar 'byam lta ba'i rgyud
NY0408	chos thams cad byang chub kyi sems rdzogs pa chen po 'khor ba rtsad nas cad pa nam mkha' dang mnyam pa ye shes 'od kyi rgyud
NY0409	byang chub kyi sems nam mkha' rgya mtsho rdzogs pa chen po gsang ba rgyud kyi rgyal po
NY0410	srog gi byung ba rgyud kyi rgyal po chen po
NY0411	rgyud kyi rgyal po ting nge 'dzin mchog gi rgyud
NY0412	dam tshig chen po'i rgyal po dam tshig bkod pa'i rgyud
NY0413	rdzogs pa chen po bar do gsang ba'i rgyud
NY0414	bar do gsang ba'i rgyud phyi ma
NY0415	rdzogs pa chen po byang chub kyi sems rin po che spungs pa gsang ba man ngag gyi rgyud
NY0416	rin po che snang byed kyi rgyud
NY0417	rin po che snang byed kyi rgyud
NY0418	byang chub sems kyi man ngag rin po che sgron ma 'bar ba'i rgyud
NY0419	rin po che sgron ma zhes bya ba'i rgyud
NY0420	sangs rgyas thams cad kyi dgongs pa ma bcos ji bzhin ma'i don ye shes kyi mar me chen mo'i rgyud
NY0421	rin po che nyi zla brtsegs pa'i rgyud
NY0422	rin po che ye shes 'bar ba
NY0423	rdzogs pa chen po sku gsum ye shes lnga'i don bshad pa nyi zla kha sbyor seng ge sgra yi dgongs pa bshad pa'i rgyud
NY0424	bayng chub kyi sems rin po che rgyas pa chen po'i mdo
NY0425	bayng chub sems yid skyob pa
NY0426	byang chub sems thigs pa nyi shu rtsa gnyis pa'i rgyud
NY0427	byang chub kyi sems man ngag khyung chen lding ba'i rgyud
NY0428	byang chub kyi sems man ngag seng chen mchongs pa'i rgyud
NY0429	byang chub sems ngang mo 'gros kyi rgyud
NY0430	byang chub kyi sems man ngag rig pa'i khu byug gsung gi rgyud
NY0431	byang chub sems kyi spyi lung chen po rdzogs pa'i rgyud
NY0432	rig pa klong rdzogs hyi rgyud
NY0433	rdzogs pa chen po rnal 'byor chos nyid kyi rgyud
NY0434	dpal ldan dgyes pa'i rgyud
NY0435	mngon shes rig pa'i rgyal po'i rgyud
NY0436	bskal ba dum bu 'bar ba sgron ma snang ba'i rgyud
NY0437	rin po che sna tshogs ral gri'i rgyud
NY0438	rin po che 'od 'bar ba
NY0439	ye shes rab
NY0440	mya ngan las 'das pa'i sgron ma
NY0441	byang chub sems klong yangs pa'i dkyil 'khor
NY0442	a ra li rnyog pa med pa'i rgyud
NY0443	chos thams cad kyi don bstan pa
NY0444	sangs rgyas mya ngan las 'das pa'i mdo
NY0445	'jam dpal 'dus pa'i rgyud
NY0446	ye shes snang ba'i mdangs rang 'bar ba
NY0447	ye shes bkod pa rang 'bar ba
NY0448	mdo lnga snying po
NY0449	rdzogs pa chen po snying khrid man ngag gi rgyud
NY0450	rin po che gser gyi rgya mdud
NY0451	byang chub sems gsang ba'i thig pa
NY0452	byang chub sems phyogs chen po nam mkha' mdzod kyi rgyud
NY0453	rdzogs pa chen po byang chub sems mdzod kyi chos
NY0454	khregs gcod bdun pa
NY0455	ye shes 'khor lo gsang ba'i rgyud
NY0456	ye shes 'khor lo gsang ba snying po don gyi rgyud
NY0457	sku gsum ye shes lnga ldan gyi rgyud 'jam dpal ye shes rgyan gyi dgongs pa
NY0458	nor bu rin po che'i rgyud
NY0459	nor bu rin po che 'od 'bar ba'i rgyud
NY0460	nor bu dri ma med pa'i rgyud
NY0461	rdo rje rnal 'byor ma'i rgyud
NY0462	sku gsum bskal pa ja log 'od ldan gyi rgyud
NY0463	thig le gsang ba yang gter gyi rgyud
NY0464	gsang ba yang gter gyi rgyud
NY0465	ye shes thig le zag thal gyi rgyud
NY0466	thig le spros pa'i rgyud
NY0467	thig las 'dus pa'i rgyud
NY0468	thig le gsang ba yang gter zhes bya ba'i rgyud
NY0469	thig le nyag gcig gi rgyud
NY0470	thig le 'dus pa'i phyi ma'i rgyud
NY0471	thig le 'dus pa'i rgyud phyi ma'i phyi ma
NY0472	thig le 'dus pa'i bu'i man ngag
NY0473	gsang skor gyi man ngag
NY0474	rtsa rlung thig le bstan pa rtsa rlung gi rtsa ba
NY0475	thugs le 'dus pa'i snyang rgyud
NY0476	a ti rdzogs pa chen po'i rgyud
NY0477	a ti spyi gcod kyi rgyud
NY0478	rtsod pa'i 'khor lo'i rgyud
NY0479	dbang bskur bla ma rin po che'i rgyud
NY0480	lha mo 'od zer can gyi rgyud
NY0481	rdo rje mkha' 'gro ma'i 'dre rgyud chen po
NY0482	'phags pa 'jam dpal lta ba thod rgal chen po'i rgyud
NY0483	phyag na rdo rje drag po lta stangs ye shes thog 'bebs kyi rgyud
NY0484	'phags pa mi gyo ba 'khor ba dang grol gyi rgyud
NY0485	'phags pa 'jam dpal gyi rgyud bzhi'i don gsal bar byed pa'i rgyud
NY0486	nam mkha' nyi zla'i rgyal po mu med mtha' yas kyi rgyud
NY0487	rin po che bdud rtsi bcud thigs rigs drug gyang sa gcod pa'i rgyud
NY0488	rin po che gser gyi nyims ma rig gti mug ka dag ye nas sangs rgyas rgyud
NY0489	rin po che bye ma rig gcod kyis klong sde'i spros pa gcod pa
NY0490	rin chen spu gri 'bar ba ses sde spros pa gcod pa
NY0491	chu gri 'bar bas dbang sde spros pa gcod pa
NY0492	rin po che gzong chen 'bar bas chos sde spros pa gcod pa
NY0493	rin po che ral gri 'bar bas rgyud sde spros pa gcod pa
NY0494	rin po che mig sel zhes bya ba'i rgyud
NY0495	mchod 'os rang bzhin gyi tshig chen po
NY0496	de bzhin gshegs pa thams cad sdus pa khu byug rtsa ba'i rgyud
NY0497	gsang ba rgya mtsho'i rgyud dam pa'i dam pa
NY0498	nam mkha' rnam par dag pa thig le skur gsal gyi rgyud
NY0499	sangs rgyas thams cad kyi sku gsung thugs kyi snying po bstan pa'i rgyud
NY0500	sangs rgyas ngo sprod pa'i rgyud
NY0501	sangs rgyas thams cad kyi thugs gsang ba chen po'i rgyud
NY0502	bstan pa thams cad kyi snying po sems can thams cad la sangs rgyas rang chas chen por bzhugs pa'i rgyud
NY0503	sangs rgyas thams cad kyi bu gcig po'i rgyud
NY0504	sangs rgyas thams cad kyi bstan pa gzhi'i rgyud rin chen spungs pa
NY0505	theg pa chen po'i mngon par rtogs pa byang chub lam gyi rgyud chen nam mkha' dang mnyam pa
NY0506	'bras bu gsang ba bla na med pa'i rgyud chen po dri ma med pa'i snying po
NY0507	de bzhin gshegs pa thams cad kyi sku gsung thugs kyi snying po de kho na nyid nges pa ye shes mchog gi rgyud
NY0508	gsang ba yang gter sku gsum gyi rgyud
NY0509	rang byung gis chos tshig thams cad drang shar ba'i glegs bam
NY0510	sku lnga rang bzhin dbyer med kyi glegs bam
NY0511	stong pa'i sgra
NY0512	thams cad kyi gnad
NY0513	yang ti srog gzer
NY0514	gser gyi 'bru gcig pa
NY0515	rigs drug rang grol
NY0516	sangs rgyas kyi zhal chems dang po
NY0517	sangs rgyas kyi 'das rjes gnyis pa
NY0518	sangs rgyas kyi zhal chems gsum pa
NY0519	sangs rgyas kyi zhal chems
NY0520	sangs rgyas kyi chos tshig
NY0521	de bzhin gshegs pa thams cad kyi dgongs bcud
NY0522	thems
NY0523	rin chen thigs le
NY0524	rig 'dzin gyi 'das rjes
NY0525	bla ma sku gsum bde ba chen po'i gsang rgyud
NY0526	dgongs don 'gro ba kun grol gyi rgyud
NY0527	thig le yang zab 'bras bu ye grol chen po'i rgyud
NY0528	lung bstan rjes su gnang ba'i rgyud
NY0529	sangs rgyas rdo rje sems dpa'i dgongs pa tshig gsum pa'i rgyud
NY0530	de bzhin gshegs pa thams cad kyi 'khor lo nam mkha'i mdzod kyi rgyud
NY0531	khro bo'i lha thogs rnams la phyag 'tshal ba'i cho ga
NY0532	de bzhin gshegs pa thams cad kyi dgongs pa 'dus pa'i rgyud
NY0533	de bzhin gshegs pa thams cad 'dus pa'i rgyud
NY0534	rnal 'byor nang pa'i thsogs rgyud
NY0535	rdo rje bdud rtsi'i rgyud
NY0536	gnas lung chen po bstan pa
NY0537	dham tshig rdzogs pa'i rim pa gsang ba
NY0538	gtsug gtor dri ma med pa sku gzugs mngon par bstan pa'i rgyud
NY0539	lha 'dre gnyis med kyi rgyud
NY0540	dpal gsang ba snying po'i phyi ma
NY0541	dpal sgyu 'phrul dra b aye shes kyi snying po'i rgyud
NY0542	rgyud kyi rgyal po chen po sgyu 'phrul snying po bkod pa
NY0543	rdo rje gsang ba'i snying po rtsa ba'i de kho na nyid nges pa
NY0544	rgyud kyi rgyal po chen po sgyu 'phrul gyi dra ba
NY0545	rdo rje phur pa bskal pa me ltar 'bar ba'i rgyud
NY0546	mdo rgyud rtog pa bsdus pa'i sgron me
NY0547	dpal zla gsang nag po'i rgyud
NY0548	'phags pa 'jam dpal gshin rje gshed po'i gsang ba drug cu pa
NY0549	'phags pa 'jam dpal gshin rje gshed man ngag sum cu pa
NY0550	seng ge 'o ma'i rgyud
NY0551	seng ge 'o ma'i rgyud phyi ma
NY0552	'phags pa 'jam dpal gshin rje gshed zla gsang nag po'i rgyud
NY0553	'phags p a'jam dpal rin po che gsang ba'i rgyud
NY0554	'phags pa 'jam dpal khro bo rin chen gsang ba'i rgyud
NY0555	gshin rje nag po'i sngags rgyud nag po
NY0556	dpal gshin rje dmar nag 'bar ba'i rme rgyud
NY0557	gshin rje'i rgyal po las sna tshogs pa'i rgyud
NY0558	rdo rje 'khor lo drag po
NY0559	rdo rje nyi mkhrag 'thung ba'i rgyud
NY0560	khro bo gshin rje'i rgyal po'i rgyud
NY0561	khro bo rnam par rgyal ba gshin rje gshed po'i rgyud
NY0562	gshin rje nag po'i rgyud
NY0563	thod pa brtag pa rdo rje 'jigs byed chen po'i rgyud
NY0564	gshin rje zlog byed 'char ka nag po rtsa ba'i rgyud
NY0565	srin po sgo brdungs kyi rgyud chen po
NY0566	dpal gshin rje gshed po ya ma r'a dza sku khros pa'i rgyud
NY0567	dpal gshin rje 'joms byed 'bar ba'i zhes bya ba'i rgyud
NY0568	mon pa nag po khros pa'i rgyud
NY0569	'phrul gyi me long khri drug stong pa
NY0570	dpal gshin rje nag po 'khrul 'khor rgyal mtshan me long gi rgyud
NY0571	'phags pa 'jam dpal khro bo gshin rje gshed rgyal po gsang ba'i rgyud
NY0572	'jam dpal gshin rje gshed gsang rgyud
NY0573	gshin rje 'char ka nag po zhes bya ba'i rgyud
NY0574	gshin rje sngags bzlog gi rgyud
NY0575	sha ba ru 'dzings kyi rgyud
NY0576	rgyud kyi rgyal po chen po thams cad 'joms byed 'bar ba
NY0577	drag po sngags rgod de kho na nyid rgya sdebs rgyud kyi rgyal po
NY0578	dpal gshin rje drag sngags 'khor lo gsang ba 'debs kyi rgyud
NY0579	drag po sngags rgod dmod pa drag sngags gsang ba mchog gi spyi rgyud kyi rgyal po
NY0580	drag po sngags rgod de kho na nyis phyir bzlog pa'i sngags sdebs kyi rgyal po
NY0581	gsang sngags sngags lnga thams cad 'khrul 'khor rgya sdebs pa'i rgyud
NY0582	'phags pa 'jam dpal gyi las sna tshogs dngos grub rlung las byed 'khor lo'i rgyud
NY0583	'byung ba rlung nag 'khrugs pa
NY0584	rlung nag 'khrugs pa'i rgyud
NY0585	drag sngags gcod pa'i rgyud
NY0586	rnam gsum drag po gshin rje drag sngags gcod pa'i rgyud
NY0587	'jam dpal gshin rje gshed po yid bzhin nor bu'i rgyud
NY0588	'jam dpal gshin rje gshed po yid bzhin nor bu'i las sna tshogs bsgrub pa'i rgyud
NY0589	'jam dpal gshin rje gshed 'khrul 'khor nag po'i sngags rgyud
NY0590	gshin rje 'khrul 'khor nag po'i rgyud phyi ma yang snying
NY0591	dka' ba gcod pa yang snying gi rgyud phyi ma'i yang phyi ma
NY0592	dpal gnod sbyin zla gsang dmar po'i rgyud
NY0593	dpal rdo rje gnod sbyin dmar po mar khrag skyug gi rgyud kyi rgyal po
NY0594	gnod sbyin ging dmar po sgrol ba srin po'i rgyud
NY0595	rdo rje srin po'i rtsa ba'i rgyud
NY0596	'jam dpal gshin rje dmar po shan pa srog gi 'khor lo'i rgyud
NY0597	dpal gshin rje dmar po ma ra ya khrag skyug gsang ba'i rgyud
NY0598	'jam dpal dmar po'i sngags rgyud kyi rgyal po
NY0599	gnod sbyin mgar mkhan mchog gi rgyud
NY0600	gnod sbyin gar mkhan mchog gi rgyud
NY0601	'phags pa 'jam dpal gshin rje'i rgyal po ma ru tse'i thugs rgyud
NY0602	pad ma dbang chen dregs pa gsang chen gyi rgyud
NY0603	pad ma dbang chen dregs pa zil gnon gyi rgyud
NY0604	dpal rdo rje khro bo chen po rta mgrin zhes bya ba'i rgyud
NY0605	rta mgrin gyi rgyud phyi ma
NY0606	rta mgrin gsang rgyud
NY0607	de bzhin gshegs pa thams cad kyi gsang ba'i rtog pa'i rgyal po
NY0608	pad ma'i lha thams cad 'dus pa dpal rta mgrin gyi rgyud ngo mtshar rmad du byung ba
NY0609	khro bo khrag 'thung rol pa'i rgyud
NY0610	khrag 'thung rol ba'i rgyud
NY0611	khro bo dmar gser gsang ba'i rgyud
NY0612	dpal che ba'i che mchog rta mgrin gsang ba 'dus pa'i rgyud
NY0613	thugs rje chen po la phyag 'tshal lo
NY0614	thugs rje chen po lta ba yang thog gi ryud
NY0615	'phags pa spyan ras gzigs dbang phyug byang chub sems dpa' thugs rje chen po rang byung ye shes kyi rgyud
NY0616	thugs rje chen po spyan ras gzigs kyi bsgrub thabs bstan pa ye shes rang byung gi rgyud phyi ma
NY0617	'phags pa thugs rje chen po mgon po 'khor ba dong sprug gi rgyud
NY0618	thugs rje chen po pad ma rgyas pa'i rgyud
NY0619	thugs rje chen po thams cad kyi yang snying 'dus pa ye shes rig mchog gi gsang rgyud
NY0620	ye shes rngams log gi 'khor lo
NY0621	gshin rje shan pa dmar po las kyi rgyud
NY0622	sangs rgyas mnyam sbyor gyi rgyud
NY0623	thag ring du 'gro ba nam mkha'i mtha' dang mnyam pa'i rgyud
NY0624	de kho na nyid gsang ba'i rgyud
NY0625	dpal thugs rje chen po gsang ba'i rgyud
NY0626	btags pas grol ba'i man ngag
NY0627	rig pa gcer bur ston pas rgyud mchog
NY0628	rgyud kyi rgyal po khro bo rta mchog rol pa
NY0629	rgyud kyi rta mchog rol pa'i rgyud
NY0630	he ru ka 'dus rgyud kyi rgyud phyi ma
NY0631	'jig rten las 'das pa'i mdo zhes bya ba'i rgyud
NY0632	yang dag pa'i rgyud
NY0633	rdo rje gsang ba chen po las kyi rgyud
NY0634	rdo rje gsang ba las kyi rgyud
NY0635	lha mo gnas mkhar gyi rgyud
NY0636	lha mo gnas mkhar gyi le'u rdzogs
NY0637	rdo rje mkha' 'gro bram ze lcam dral gsang ba rgyud kyi rgyal po
NY0638	mkha' 'gro ma nor bu 'phreng ba phyi ma bshad pa'i rgyud
NY0639	mkha' 'gro ma rin po che phreng ba zhes bya ba'i rgyud
NY0640	mkha' 'gro dpa' bo dpa' mo pho thems kyi rgyud
NY0641	mkha' 'gro sde lnga las rgya mtsho'i rgyud
NY0642	mkha' 'gro ma las rgya mtsho phyi ma'i rgyud
NY0643	mkha' 'gro ma las sna tshogs kyi rgyud
NY0644	rdo rje stong gsal snying po gsang ba'i rgyud
NY0645	ye shes kyi mkha' 'gro ma rnams kyi thugs gsang ba'i thigs pa
NY0646	byang chub kyi sems rdo rje lta bu'i bsam gtan
NY0647	thams cad bdud rtsi lnga'i rang bzhin
NY0648	rdo rje gsang ba las kyi rgyud
NY0649	bdud rtsi 'khyil ba las kyi rgyud
NY0650	de bzhin gshegs pa thams cad kyi sku dang gsungs dang thugs gsang ba'i ye shes kyi snying po dpal bdud rtsi bde ba chen po zhes bya rgyud kyi rgyal po chen po
NY0651	rdo rje yang rdo rje bdud rtsi
NY0652	rdo rje phur pa'i rtsa ba
NY0653	rdo rje phur pa rtsa ba'i rgyud kyi dum bu
NY0654	rdo rje phur pa rtsa ba thugs kyi rgyud
NY0655	rdo rje 'bar ba'i rgyud phyi ma
NY0656	phur pa rdzogs pa'i don rim par phye ba
NY0657	rdo rje phur pa chen po gsod byed 'bar ba'i rgyud
NY0658	rdo rje khros p'ai rgyal po lcags kyi tsher ma nag po
NY0659	rdo rje phur pa'i thugs gsang ba sku'i rgyud
NY0660	rdo rje gsang ba thugs kyi rgyud
NY0661	rdo rje phur pa gsang ba'i snying po 'phrin las kyi rgyud
NY0662	rdo rje phur pa zhes bya ba'i rgyal po
NY0663	rdo rje gsang ba chen po gter gyi snying po
NY0664	rdo rje phur pa me lce 'phreng ba'i rgyud
NY0665	rdo rje phur pa lung gi kha bayng byang chub sems kyi mdo
NY0666	rdo rje 'jigs byed chen po'i rgyud kyi rgyal po gsang ba chen po
NY0667	phur pa gsang ba'i rgyud
NY0668	phur pa nag po gdung rtse gsum pa'i rgyud
NY0669	rdo rje phur pa shan pa spu gri'i rgyud kyi rgyal po
NY0670	byang chub sems kyi phur pa rdzogs pa chen po theg pa'i yang zhun rgyud kyi rgyal po chen po
NY0671	rdo rje phur pa chu 'khyags dbab pa'i rgyud chen po
NY0672	'khor lo nag po
NY0673	rdo rje phur pa phur gcig ma don gsang ba
NY0674	ma mo thams cad srid pa'i rgyud lung
NY0675	ma mo thugs gsang ba'i rgyud
NY0676	gyu'i spyang sngon mo'i rgyud
NY0677	dpal rdo rje nag mo ral pa spyi bcings gsang ba 'phrin la kyi rgyud
NY0678	ae ka tsa ti'i sngags rgyud
NY0679	ma mo srog las kyi rgyal bu
NY0680	rdo rje ka p'a la bhan dha gsang ba 'bar ba'i gzhal yas khang
NY0681	gnod sbyin ma mo re ma ti gcer bu bong zhon ma rtsa ba'i rgyud
NY0682	ma mo 'bum gyi mnga' bdag dpal lha mo nag mo re ma ti dbang mo mched bzhi'i srog rtsa mngon du dbyung ba'i rgyud
NY0683	'phags pa lha mo nag mo'i rgyud kyi rgyal po gsang ba
NY0684	gsang ba'i gter gyi rgyud
NY0685	ma mo'i zla gsang
NY0686	ae ka dza ti snying mthun gsang ba spu gri'i rgyud
NY0687	ae ka dza ti 'khor lo man ngag gi rgyud
NY0688	ae ka dza ti yang snying 'dus pa'i rgyud
NY0689	ae ka dza ti gsang ba yang snying 'dus pa'i rgyud
NY0690	srog thig nag po'i rgyud
NY0691	tsha ba yang gter gyi rgyud
NY0692	dpal tshogs thams cad kyi rje mo yongs su rol ba'i rgyud
NY0693	dpal dngos grub thams cad kyis bstan par gzigs pa'i rtsa rgyud chen po
NY0694	ma mo srid pa'i nam mkha' rin po che sngo dmar lnga'i tshon
NY0695	dpal lha mo nag mo shan pa'i rgyud
NY0696	ral gcig ma 'dus pa nag mo'i rgyud
NY0697	ral gcig nag mo'i sku gsung thugs yon tan 'phrin las lnga'i snying thun rgyud
NY0698	ae ka dza ti thugs kyi gsang ba sa ti nag po'i rgyud
NY0699	ae ka dza ti sgrol byed nag mo spu gri'i rgyud
NY0700	dpal lha mo spu gri so rgal gyi rgyud
NY0701	'phags pa lha mo ling tog sgong nga zhes bya ba'i rgyud
NY0702	dpal lha mo nag mo gser gyi sbram bu zhes bya ba'i rgyud
NY0703	'phags pa lha mo nag mo'i srog gi 'khor lo'i rgyud
NY0704	snying zor nag mo'i rgyud
NY0705	lha mo nag mo sku gcig ro ga nag mo'i rgyud
NY0706	nag mo re ma ta'i rgyud
NY0707	'phags pa mche ba 'khor lo zhes bya ba lha mo nag mo chen mo'i rgyud gyi rgyal po
NY0708	ral nag mtshon 'khrugs kyi rgyud
NY0709	dpal lha mo nag mo'i bstod pa'i rgyal po'i rgyud
NY0710	dur khrod lha mo rang rgyud
NY0711	khro bo'i rgyal po phyag na rdo rje gsang ba'i rgyud
NY0712	rdo rje khyung gi snying po srog gi rtsa ba'i rgyud
NY0713	rdo rje gtum po sku gsung thugs kyi rgyud me 'od 'bar ba'i mdo
NY0714	'byung po 'dul byed ces bya ba rgyud kyi rgyal po
NY0715	phyag na rdo rje las rgya mthso'i rgyud
NY0716	phyag na rdo rje gtum po khros pa rtsa ba'i rgyud
NY0717	gnod sbyin gyi sde dpon chen po 'phags pa lag na rdo rje gos sngon po can rdo rje rtse mo zhes bya ba'i rgyud kyi rgyal po
NY0718	lag na rdo rje gos sngon can gyi rgyud
NY0719	ae ka dza ti gsang ba spu gri'i man sngag tu bstan pa'i rgyud
NY0720	srid pa'i lha mo dbang byed ma'i rgyud
NY0721	rdo rje khyung nag gsang ba rin po che'i rgyud
NY0722	rdo rje gtum po gsang ba rin po che khyung nag tu sprul pa'i rgyud
NY0723	rdo rje khyung nag gi rgyud yang snying rtsa ba'i man ngag
NY0724	gsang ba don 'dus phyag na rdo rje khyung dang bcas pa'i rgyud
NY0725	rdo rje khyung nag gi rgyud rin po che'i sprul pa
NY0726	rdo rje bya khyung gsang ba rin po che 'khros pa sprul pa'i rgyud
NY0727	gtum po chen po ma rungs pa rdo rje khyung dang bcas pa don 'dus pa gsang ba'i rgyud chen po'i don btus pa
NY0728	gtum po chen po ma rungs pa rdo rje khyung dang bcas pa gsang ba'i rgyud chen po'i don btus pa
NY0729	dpal gnod gnas thugs rje 'byung ba'i rgyud
NY0730	dpal gnod 'dzin gnas kyi sgrub thabs thugs rje 'byung ba'i rgyud
NY0731	gnod sbyin nor bdag gsang ba'i rgyud
NY0732	gnod sbyin a ra tsit ta yon tan bkod pa'i rgyud kyi rgyal po
NY0733	a ra tsa ti gsang ba phyi ma'i rgyud rin po che dngos grub
NY0734	gnod sbyin pa ra tsit ta gsang ba phyi ma'i rgyud
NY0735	a pa ra tsit ta'i rgyud gsang ba phyi ma rin po che
NY0736	gnod sbyin rin po che bzang po nyi zla gsang ba snying po'i rgyud
NY0737	gnod sbyin gzhan gyi mi thub pa srog rtsa mngon du phyung ba zhes bya ba'i rgyud
NY0738	gnod sbyin 'dod pa'i rgyal po khros pa'i rgyud
NY0739	gnod sbyin chen po dngos grub bzang po'i rgyud
NY0740	gnod sbyin gsang ba rin chen thugs kyi rgyud
NY0741	rin po che nor gyi dngos grub khol du phyung ba'i rgyud
NY0742	gnod sbyin chen po ye shes gter gyi rgyud
NY0743	gnod sbyin gyi rgyal po rin chen sbyin rdo rje bdud 'dul gyi gsang ba'i rgyud chen po
NY0744	gnod sbyin zha 'od bdud 'dul gyi rgyud
NY0745	mgon po rdo rje bdud 'dul gyi rgyud
NY0746	gnod sbyin gyi 'jig rten thams cad dbang du sdud pa rin po che dngos grub kyi rgyud
NY0747	gnod sbyin zha 'on bdud 'dul gyi gsang ba rin po che'i rgyud
NY0748	dpal mgon po nag po dug gi spu gri gsang ba'i rgyud
NY0749	dpal nag po chen po drag sngags nag po'i gsang ba'i rgyud
NY0750	mun pa nag po zhes bya ba'i rgyud
NY0751	dpal mgon po gsang ba spu gri phyi ma'i rgyud
NY0752	dpal mgon po nag po dngos grub bstan par gzigs pa man ngag gi rgyud chen po
NY0753	dpal mgon po nag po snying gi dngos grub bstan par gzigs pa'i rgyud
NY0754	dpal mgon po nag po chen po spu gri snying gi 'khor lo gsang ba'i rgyud
NY0755	dpal mgon po nag po gsang ba thugs kyi spu gri'i rgyud
NY0756	dpal nag po chen po khams gsum 'jigs byed kyi rgyud
NY0757	dpal nag po chen po mi'i thod pa zhes bya ba'i rgyud
NY0758	'phags pa spu gri klad gzer nag po dngos grub 'byung ba bka' rgyud
NY0759	nag po chen po sa gyo ba'i rgyud
NY0760	dpal nag po thod pa chen po'i rgyud
NY0761	don yod pa dngos grub brtan par gzigs pa'i rgyud
NY0762	dpal chen po sku gsung thugs kyi sprul pa ye shes kyi mgon po ma ning nag pos dus gsum sangs rgyas kyi 'phrin las mdzad pa'i ma ning las rgyud nag po
NY0763	nag po chen po skye pa'i rgyud
NY0764	dpal lha mo ma mo'i srog tig nag mo khros pa'i rgyud
NY0765	sis bstan pa dpal srog gi 'khor lo'i sdom pa'i rgyud
NY0766	ku ma ra dza sku mngon du dbyung ba ngan sngags kyi rgyud
NY0767	bzang mo stobs kyi srog gi rgyud
NY0768	snying lung chen po'i rgyud
NY0769	ye nyid phyi mo mthar thug gi rgyud
NY0770	rdo rje gtsug lag 'khor lo gsum pa'i rgyud
NY0771	'phags pa rdo rje gtsug lag 'jhor lo'i rgyud
NY0773	khro bo gtsug lag 'khor lo'i rgyud phyi ma
NY0774	pad ma gtsug lag 'khor lo'i rgyud phyi ma
NY0775	rdo rje phur pa gtsug lag 'khor lo'i rgyud
NY0776	gshin rje gtsug lag 'khor lo'i rgyud
NY0777	phyag na rdo rje gtsug lag 'khor lo'i rgyud
NY0778	rdo rje khyung gtsug lag 'khor lo'i rgyud
NY0779	rdo rje gtsug lag 'khor lo'i rgyud phyi ma'i phyi ma
NY0780	rdo rje gtsug lag drag po ngan sngags spu gri 'phreng ba'i 'khor lo'i rgyud
NY0781	rdo rje gtsug lag drag po ngan sngags sdig pa phung byed 'khor lo gsal ba'i rgyud
NY0782	rdo rje gtsug lag drag po ngan sngags dug chu nag po 'khor lo 'dzin pa'i gzer gyi rgyud
NY0783	rdo rje gtsug lag drag po ngan sngags me long rnam par bkod pa 'khor lo gzer gyi rgyud
NY0784	rdo rje gtsug lag ngan sngags rin po che brtsegs pa 'khor lo gzer gyi rgyud
NY0785	rdo rje gstug lag drag po ngan sngags me lce 'khor lo zhes bya ba'i rgyud
NY0786	rdo rje gtsug lag gal mdo 'phreng ba'i rgyud
NY0787	rdo rje gtsug lag drag po ngan sngags gshed chen las rgyal 'khor lo'i rgyud
NY0788	rdo rje gtsug lag drag po ngan sngags zhi bar byed pa bdud rtsi 'byung ba 'khor lo'i rgyud
NY0789	drag po brtsegs pa lung bstan pa'i 'byung po 'dug pa'i bshad rgyud chen po
NY0790	drag po ngan sngags kyi rtsa ba'i rgyud
NY0791	drag po ngan sngags kyi bshad rgyud
NY0792	drag sngags mtshon cha nag po sku'i rgyud
NY0793	ngan sngags gtsug lag gi rgyud
NY0794	drag po ngan sngags bskal pa'i dum bu'i rgyud
NY0795	srog las kyi rgyal bu srog bdag gser gyi ga pur
NY0796	gnod sbyin thams cad kyi rgyal po ha la 'bar b'i snying gsang ba'i rgyud
NY0797	gnod sbyin rdo rje stag mda'i rgyud
NY0798	dge bsnyen dgra gsang nag po'i rgyud
NY0799	mon pa phung byed nor srungs kyi rgyud
NY0800	ging spu gri nag po'i rgyud
NY0801	bdud khros pa thod pa'i 'phreng ba can gsang ba'i rgyud
NY0802	sning zor nag po'i rgyud
NY0803	srog gzer nag po ging gi spu gri 'khrul 'khor nag po'i rgyud
NY0804	spu gri nag po'i rgyud
NY0805	drag po'i sngags rgod chen po zhes bya ba'i rgyud
NY0806	mu stegs kyi drag sngags nag po'i rgyud
NY0807	mu stegs kyi bsad khram chen po zhes bya ba'i rgyud
NY0808	lha ma yin spu gri mtshon cha spu fri ka ma la'i rgyud
NY0809	nag po gsang ba'i rgyud
NY0810	srog bdag gser gyi rta pa'i rgyud
NY0811	dmod pa drag sngags kyi spyi rgyud
NY0812	bal pa tra gsang ba'i rgyud
NY0813	gnod sbyin thams cad kyi spyi tig
NY0814	mchod rten nag po'i rgyud
NY0815	dpal zla gsang nag po rgya mtsho dug ri kha'i gsang rgyud
NY0816	dpal yak sha nag po gsang ba'i dug rgya mtsho dug ri nag po
NY0817	bya khyung glog 'gyu'i las kyi rgyud
NY0818	las rab tu 'byed pa klu'i rgyal po rtog pa'i rgyal po'i rgyud
NY0819	klu dam tshig gi rgyud
NY0820	klu dam tshig gi rgyud phyi ma'i las phyung ba'i ti ka'o
NY0821	klu nag po'i rgyud
NY0822	dam tshig las kyi rgyal po'i rgyud
NY0823	klu'i rgyal po mchod rten gyi rgyud thugs yang dag pa
NY0824	klu'i 'khor lo nag po'i rgyud
NY0825	klu'i 'khor lo nag po 'phrin las thams cad rdzogs
NY0826	klu dang sa bdag thams cad kyi gnyen po
NY0827	klu bdud a par sha'i rgyud
NY0828	klu nag po bsad pa'i man ngag
NY0829	klu'i 'khor lo nag po
NY0830	sa bdag srog gi 'khor lo
NY0831	klu nag po'i rgyud sdig pa phung shig
NY0832	dug sbrul lto dkrug ces bya ba rtog pa
NY0833	lha 'dre stong gi dra ba'i rgyud chen po
NY0834	lha 'dre stong gi dra ba'i rgyud chen po
NY0835	lha 'dre stong gi dra ba'i rgyud chen po
NY0836	be ro'i rgyud 'bum
NY0837	'phags pa 'jam dpal hyi rgyud bzhi'i don gsal bar byed pa'i rgyud
NY0838	'khor lo rdo rje
NY0839	man ngag lung gi rtsa ba lnga
NY0840	rnal 'byor gyi rim pa'i rgyud
NY0841	dam tshig bkod pas gzhi'i rgyud rin po che'i rgyan
NY0842	srog gi chan pa yang ti nag po'i rgyud
NY0843	phyi nang gasng ba gsum gyi yang zhun thig le 'dus pa
NY0844	a ti rdzogs pa chen po'i rgyud
NY0845	a ti spyi spyod kyi rgyud
NY0846	rtsod pa'i 'khor lo'i rgyud
NY0847	byang chub sems skyob pa
NY0848	khregs gcod bsdus pa
NY0849	rdo rje gsang ba chen po'i sku rn po che dbyig gi sgron ma
NY0850	rdo rje bdud rtsi rgyud
NY0850B	rdzogs pa chen po byang chub sems kyi mdzod kyi chos
NY0851	byang chub sems dpa' gsang ba'i theg pa
NY0852	rnal 'byor gsang ba'i tshogs rgyud chen po
NY0853	rol pa chen po thal ba'i rgyud
NY0854	gshegs pa'i snying po'i mdo
NY0855	he ru ka rol pa'i rgyud
NY0856	dpal zla gsang nag po'i rgyud
NY0857	man ngag drag po'i sngags rgod bstan srung spu gri lta bu'i rgyud
NY0858	'phags pa 'jam dpal gshin rje gshed nag po gsang ba drug bcu pa'i rgyud kyi rgyal po
NY0859	rgyud 'bum rin po che'i rtogs brjod
NY0860	rgyud 'bum rtogs brjod 'dzam gling tha grur khyab pa'i rgyan
